Residue,mean_angstrom_5,sd_5,mean_angstrom_3,sd_3
PHE6,22.2343541,2.130835025,28.20558125,1.319505175
VAL7,21.99788302,2.171164166,25.49938673,1.353171696
LYS8,23.62801987,2.086847523,24.89816412,1.337459505
ASP9,22.85594452,2.021122609,25.47849153,1.311440486
ILE10,21.47296446,1.928245361,23.54358201,1.293028824
LYS11,19.83733651,1.680656563,22.80423497,1.221759622
GLY13,17.94160865,1.271347257,20.51687233,1.115684073
LEU14,18.53214857,1.417442004,22.86698709,1.146695069
LYS15,16.85991534,1.58672488,26.42310822,1.142770357
ASN16,12.79096009,1.757301087,26.29298569,1.110290763
LEU17,13.20368494,1.984850202,26.19360236,1.258508837
ASN18,16.35153773,2.220458069,28.76240747,1.30312811
LEU19,15.29154699,2.356177593,27.90713795,1.294095028
ILE20,18.91566492,2.342626882,28.52925265,1.305258881
PHE21,17.87740917,2.303600496,26.90626573,1.269045356
ILE22,20.6426324,2.190098283,25.08298234,1.265790733
VAL23,19.50701646,2.103443188,24.63618995,1.184433285
LEU24,20.56872926,2.012828832,20.69425046,1.188445111
GLU25,20.5951254,1.956542456,19.49889032,1.137091545
THR26,20.88342644,1.860721827,18.57828658,0.974683189
GLY27,17.40332786,1.792328524,16.57784425,0.834069684
ARG28,19.37053201,1.914290472,13.06553345,0.798805082
VAL29,18.78197352,1.815384921,15.64278297,0.54112465
THR30,15.81624064,1.919715349,14.1498493,0.669087516
LYS31,17.55910005,2.174855454,13.46379207,0.632559997
THR32,14.78261348,2.270834935,16.45376811,0.712869973
LYS33,15.80473511,2.310572908,16.56193691,0.86230404
ASP34,14.86642646,2.409000197,18.66971538,0.827261346
GLY35,14.45202003,2.485348314,19.27178161,0.782975048
HIS36,12.98335796,2.297960993,18.92992166,0.658035026
GLU37,11.04236038,1.974113811,19.88236929,0.677488942
VAL38,13.36028275,1.948221229,15.80450536,0.66814326
ARG39,12.65413775,1.885357765,14.80588717,1.123059535
THR40,16.3429414,1.874610797,13.37474323,0.954212407
CYS41,15.17798854,1.97033804,15.5212923,1.16895635
LYS42,19.10264184,1.981572224,16.63428274,1.172818871
VAL43,18.88847863,2.045983669,18.169442,1.280198182
ALA44,20.38981061,2.126517636,22.57774328,1.281077505
ASP45,23.17250643,2.135575179,23.96223346,1.30738093
LYS46,25.31653225,2.199500207,28.27973528,1.311479159
THR47,25.44450389,2.1554083,26.77538997,1.309982021
GLY48,25.5471281,2.11311987,24.81896726,1.300938897
SER49,24.55589518,2.017564059,20.43365485,1.290294048
ILE50,20.45077565,2.036473205,18.70177255,1.308753994
ASN51,18.88380143,1.913928048,15.01970375,1.317528935
ILE52,15.74276834,1.987395302,15.84086149,1.248086477
SER53,12.32241917,1.904401562,15.97203867,1.230260243
VAL54,11.07958956,1.913362905,16.81147248,1.079061204
TRP55,7.161704944,1.786666541,20.37507418,1.073601936
ASP56,8.730965805,1.849637775,20.57201672,0.926908856
ASP57,9.276557233,1.281639834,24.78842094,0.89500707
VAL58,8.581599785,1.120789868,25.18124731,1.0433205
GLY59,8.935443633,1.459202019,22.81151284,0.99505753
ASN60,11.38496392,1.454964593,22.62774036,0.875634406
LEU61,12.43433083,1.441778202,23.89179456,0.918852793
ILE62,13.91373302,1.649418191,23.0943194,0.985579931
GLN63,17.12241871,1.769692224,24.81183487,1.031782637
GLY65,21.57448265,1.96396447,24.50024245,1.084657234
ASP66,20.1177854,1.941257873,25.84522139,1.074822531
ILE67,19.78454487,2.068485818,29.06679417,1.145187951
ILE68,17.5217431,2.218020788,26.91354922,1.218403876
ARG69,14.85967353,2.295949183,28.82583049,1.22517338
LEU70,14.01137602,2.3703007,27.01466108,1.28472565
THR71,10.29925748,2.421152648,27.42489465,1.268646559
LYS72,12.14029625,2.296369718,28.75821393,1.30598221
GLY73,11.63893847,2.160215292,25.86339714,1.307961985
TYR74,10.23633783,1.757032316,22.44249523,1.362871032
ALA75,14.40466845,1.496801738,21.42738714,1.34025512
SER76,15.89685929,1.44466498,17.09870436,1.329023204
VAL77,18.07373153,1.255126138,15.45184224,1.177501145
PHE78,20.48330222,1.428217745,11.87200917,1.256452151
LYS79,22.46182698,1.357556094,11.04726448,1.021350794
GLY80,23.47520373,1.390022342,11.77833514,1.080374128
CYS81,23.06272664,1.443850703,10.37832797,1.293960982
LEU82,22.35699753,1.577194457,13.13806496,1.347403859
THR83,18.38080119,1.550838607,13.65662321,1.394711796
LEU84,15.67119496,1.783908586,15.43186833,1.442557258
TYR85,12.39647851,1.638700848,17.34855016,1.384668535
THR86,8.760528496,1.866928785,18.83338032,1.233804683
GLY87,7.525151313,2.230691848,23.0550327,1.279204071
ARG88,7.598342794,1.56401154,24.75836655,1.37338363
GLY89,5.395630808,1.983233241,27.86988379,1.154667801
GLY90,6.730771721,2.167422108,27.75874533,1.32143236
ASP91,8.394738902,2.417025597,28.51103649,1.311914098
LEU92,7.933105837,2.219242234,26.64111546,1.102074546
GLN93,12.1952448,2.231409279,28.08684768,1.15510076
LYS94,14.18295984,1.940955262,29.83396846,1.106183128
ILE95,17.79403629,2.095532544,30.87941508,1.149386945
GLY96,19.54821075,2.03890924,31.69740915,1.139396419
GLU97,23.63540796,1.987238769,33.29829188,1.129983862
PHE98,23.78627139,1.995347194,29.95020917,1.12569795
CYS99,26.15626303,2.042706869,33.00487747,1.148097864
MET100,26.8534358,2.119647909,31.49125017,1.176458348
VAL101,27.91524936,2.205119859,32.0635896,1.206990733
TYR102,28.56699702,2.158665581,28.91969528,1.199743777
SER103,26.93457708,2.153181545,26.08117311,1.207706226
GLU104,29.03667046,2.081709522,24.15095315,1.184357503
VAL105,29.07890718,2.062801494,23.29735955,1.178239062
ASN107,27.7438337,1.938990565,18.52952959,1.13613719
PHE108,23.84936482,1.952189985,17.99177412,1.178162287
SER109,22.87194562,1.893011907,15.33529693,1.177965509
GLU110,24.8593439,1.827215844,14.17863833,1.118324054