"","pos","Data.Height.x","Data.Height.y","ratio","isitassigned"
"3",1,6217002,11087044,0.56074477561377,"assigned"
"4",2,9275432,16574417,0.559623424461928,"assigned"
"5",3,9867802,18339508,0.53806252599579,"assigned"
"6",4,9088834,17850844,0.509154301051536,"assigned"
"7",5,6358418,12115552,0.52481455240339,"assigned"
"8",6,5395777,9636032,0.559958393662454,"assigned"
"9",7,3110137,5700347,0.545604855283371,"assigned"
"10",8,3601641,7338833,0.490764812334604,"assigned"
"11",9,4699194,10149225,0.463010131315445,"assigned"
"12",10,5480821,10862050,0.504584401655304,"assigned"
"13",11,2491191,8392316,0.296841896801789,"assigned"
"14",13,NA,4523761,0,"assigned"
"15",14,NA,12595247,0,"assigned"
"16",15,NA,7527621,0,"assigned"
"17",16,NA,6325267,0,"assigned"
"18",17,926162,2939750,0.315047878220937,"assigned"
"19",18,2767266,6693369,0.413433952319079,"assigned"
"20",19,4584831,9624017,0.476394732054193,"assigned"
"21",20,2896840,7960098,0.363920142691711,"assigned"
"22",21,4895007,10728948,0.456242960633233,"assigned"
"23",22,3034811,5349281,0.567330637519323,"assigned"
"24",23,3693340,7005865,0.527178299895873,"assigned"
"25",24,2531696,4781275,0.529502277112276,"assigned"
"26",25,4602074,10072468,0.45689636343347,"assigned"
"27",26,4782129,10026148,0.476965730009172,"assigned"
"28",27,3356055,3016199,1.11267691554834,"assigned"
"29",28,6004145,13674078,0.439089567867025,"assigned"
"30",29,6271722,11926847,0.525849120056625,"assigned"
"31",32,1505056,4780629,0.314823844310027,"assigned"
"32",34,NA,7067050,0,"assigned"
"33",35,2175132,8855711,0.24561912645975,"assigned"
"34",36,1270984,4192995,0.303120800287146,"assigned"
"35",37,989079,3715979,0.266169157575971,"assigned"
"36",38,1964770,4474136,0.439139534426312,"assigned"
"37",40,703541,1312408,0.536068813966389,"assigned"
"38",41,993659,1376624,0.721808569369704,"assigned"
"39",42,3863875,8431072,0.458289882947269,"assigned"
"40",43,3550868,6837307,0.519337218586207,"assigned"
"41",44,3777722,7396621,0.510736186158518,"assigned"
"42",45,4538873,8789951,0.516370682839984,"assigned"
"43",46,3741978,7288005,0.513443390886806,"assigned"
"44",47,3819113,6922630,0.551685269904646,"assigned"
"45",48,5941692,10756773,0.552367517656085,"assigned"
"46",49,4070186,7007681,0.580817819760917,"assigned"
"47",50,4753901,9700924,0.490046205907808,"assigned"
"48",51,2457045,5120076,0.479884478277276,"assigned"
"49",52,2832350,4825677,0.586933190928444,"assigned"
"50",56,925058,3426601,0.269963733740812,"assigned"
"51",57,902081,6725894,0.134120609096724,"assigned"
"52",58,2730519,15317638,0.178259794362551,"assigned"
"53",59,1065903,3849714,0.276878490194337,"assigned"
"54",60,4267738,11068971,0.385558693757532,"assigned"
"55",61,4377081,9639055,0.454098560491666,"assigned"
"56",62,4045056,11565634,0.349747882390192,"assigned"
"57",63,5288187,10452928,0.505904852688165,"assigned"
"58",65,1616530,5911447,0.273457581536297,"assigned"
"59",66,5718463,12539105,0.45605033214093,"assigned"
"60",67,2733438,5089702,0.537052660450455,"assigned"
"61",68,3014119,6117149,0.492732643916308,"assigned"
"62",69,4696943,8643908,0.543381882361543,"assigned"
"63",70,2433072,4719269,0.515561202381131,"assigned"
"64",71,738625,1124874,0.656629098014533,"assigned"
"65",72,787543,813307,0.968321925177086,"assigned"
"66",74,NA,4340146,0,"assigned"
"67",75,NA,4135320,0,"assigned"
"68",76,NA,2930810,0,"assigned"
"69",77,NA,8555941,0,"assigned"
"70",78,NA,3558928,0,"assigned"
"71",80,NA,8001343,0,"assigned"
"72",81,1855348,8100793,0.229032886039675,"assigned"
"73",82,1603451,4373613,0.366619314511824,"assigned"
"74",83,1500202,5471412,0.274189185533826,"assigned"
"75",84,2291164,5481300,0.417996460693631,"assigned"
"76",91,1353219,1959744,0.690508045948859,"assigned"
"77",92,804593,10450830,0.0769884305839823,"assigned"
"78",93,4043066,8479379,0.476811568394336,"assigned"
"79",94,NA,9833837,0,"assigned"
"80",95,1815942,3768592,0.481862191502821,"assigned"
"81",96,3306246,6836974,0.483583234337296,"assigned"
"82",97,4332480,11040799,0.392406382907614,"assigned"
"83",99,2981541,5588512,0.533512498496917,"assigned"
"84",100,6408572,13195292,0.48567110148074,"assigned"
"85",101,4581065,11508894,0.398045633229396,"assigned"
"86",102,5705298,11759091,0.485181890334891,"assigned"
"87",103,3944779,7009098,0.562808367068059,"assigned"
"88",104,3482484,10336663,0.336906020830901,"assigned"
"89",107,4480013,8041502,0.557111469971655,"assigned"
"90",108,2835394,5325623,0.532406067797139,"assigned"
"91",109,4698125,8537840,0.550270911612305,"assigned"
"92",110,6689197,14697898,0.455112492956476,"assigned"
"93",112,5302629,12476138,0.425021669365953,"assigned"
"94",114,10850975,24686498,0.439551004763819,"assigned"
"95",115,6732600,20122334,0.334583453390645,"assigned"
"96",116,1547929,24397352,0.0634465986308678,"assigned"
"97",117,4018337,21967496,0.182921940670889,"assigned"
"98",118,2114396,28391824,0.0744720029259128,"assigned"
"99",119,3266980,29942890,0.109107036762317,"assigned"
"100",120,2881374,46326232,0.0621974608252189,"assigned"
"101",122,3578568,27289052,0.131135665687471,"assigned"
"102",123,20061864,61988528,0.323638335144851,"assigned"
