"","pos","Data.Height.x","Data.Height.y","ratio","isitassigned","Residue","mean_angstrom_5","sd_5","mean_angstrom_3","sd_3"
"1",4,26337324,69599096,0.378414742628266,"assigned","LYS4",25.7446144104004,3.07551975310189,25.3603456497192,0.757118591675453
"2",5,29685562,74420328,0.398890502068198,"assigned","VAL5",25.6366981506348,2.92113273576114,22.2007923126221,0.802893873754386
"3",6,20573470,35680872,0.576596614567043,"assigned","GLY6",27.1568788528442,3.04138915181586,21.8174915313721,0.840536498707924
"4",7,29890500,74739952,0.399926668403533,"assigned","ASN7",26.9559312820435,3.27349227405029,23.1489376068115,0.798416376362337
"5",8,34463972,94011488,0.366593197631336,"assigned","LEU8",24.5485033035278,3.33990133722749,22.2634649276733,0.731715560443441
"6",9,27226390,62176096,0.437891597439633,"assigned","LYS9",22.0782903671265,3.58013933425251,21.2092914581299,0.630535483655003
"7",11,6995447,42565720,0.164344618157522,"assigned","ASN11",17.4206603050232,4.06839865207793,19.6114999771118,0.401262592677487
"8",12,11818347,57299904,0.206254219902358,"assigned","MET12",16.5458638191223,3.91963873759722,21.637215423584,0.397091119980776
"9",13,10473290,65429544,0.160069738526681,"assigned","GLU13",14.8972476959229,3.70645115770276,23.8865314483643,0.358381290647555
"10",14,8439184,25776770,0.327394937379664,"assigned","SER14",15.1659868240356,3.41322051083817,24.6030138015747,0.391826237167917
"11",15,13369556,30423152,0.43945334789768,"assigned","VAL15",16.6361963272095,3.16490895618071,24.0837265014648,0.469242682068086
"12",16,21945886,51679112,0.424656793638405,"assigned","ASN16",19.1858353614807,3.0680446706545,24.9874242782593,0.555512033054812
"13",17,33687116,76189664,0.442148110798861,"assigned","VAL17",21.0230435371399,2.9365484742935,24.7290391921997,0.622762120853515
"14",18,31195514,68034920,0.458522094242192,"assigned","THR18",23.7360280990601,2.85246184585429,24.9254804611206,0.700834415829235
"15",19,31753608,77744480,0.408435531371488,"assigned","VAL19",24.64544506073,2.73458942276189,23.5268472671509,0.729582236902007
"16",20,19968432,41277420,0.48376163045074,"assigned","ARG20",26.1831464767456,2.59115502542626,22.0558261871338,0.768629791940482
"17",21,30337820,52933948,0.573125964456685,"assigned","VAL21",25.9933851242065,2.56385097579905,20.7683120727539,0.721610751292359
"18",22,14555950,35651092,0.408289036419978,"assigned","LEU22",26.2773649215698,2.28932539846447,17.8318876266479,0.749054262531261
"19",23,20551936,79211968,0.259454934890647,"assigned","GLU23",26.0231599807739,2.16633844511136,16.0442664146423,0.706343150876968
"20",24,8573106,117761000,0.0728008933348052,"assigned","ALA24",24.6592016220093,2.24261199813697,15.3064705848694,0.555850918871243
"21",25,NA,70445200,0,"assigned","SER25",22.6980310440063,2.30487076512159,14.445468044281,0.401871719129627
"22",26,3213803,105390272,0.0304943040663184,"assigned","GLU26",22.5651229858398,2.59950462789133,15.5210673332214,0.304741382832305
"23",28,10781184,49141932,0.219388688259143,"assigned","ARG28",18.315484046936,2.77802344033725,15.8043480873108,0.363009495178553
"24",29,2829445,88671512,0.0319092900998463,"assigned","GLN29",17.5536831855774,2.70023261529222,16.2536741256714,0.524545327155688
"25",30,7887912,32615924,0.241842358965516,"assigned","ILE30",15.6239218711853,2.17662136243153,15.4706105232239,0.598107897367319
"26",31,2656821,36883752,0.0720322867369892,"assigned","GLN31",15.749640750885,1.73647008278779,15.2564494132996,0.720948168236336
"27",32,NA,11301283,0,"assigned","THR32",13.9322377204895,1.74948416630266,16.9328163146973,0.671993452904872
"28",34,3698217,35423468,0.104400195937902,"assigned","ASN34",11.7945399284363,2.31809320939952,20.8579465866089,0.602840373864149
"29",35,6306565,81645912,0.0772428753077068,"assigned","GLY35",12.25304479599,2.37347516207113,21.4895454406738,0.61986763840599
"30",36,13771694,67157920,0.205064331950722,"assigned","VAL36",12.9946730613709,2.75579138153918,21.0023351669312,0.625832768017841
"31",37,NA,15826538,0,"assigned","ARG37",12.3397470474243,2.80358676622936,19.1498334884644,0.544952515968252
"32",38,9405861,44340632,0.212127355334042,"assigned","THR38",12.527027130127,3.22194723858516,18.7291297912598,0.426118305911967
"33",39,12704604,32660256,0.38899278682935,"assigned","ILE39",13.9913454055786,2.67670514067216,16.2612564086914,0.351884992604936
"34",40,13054011,23741722,0.549834211688605,"assigned","SER40",15.6756240844727,2.26052189482455,14.3272257804871,0.284252182912967
"35",41,NA,55171132,0,"assigned","GLU41",18.3464948654175,1.88945234149908,12.1347285270691,0.308930329070176
"36",42,6744047,63604640,0.106030739266821,"assigned","ALA42",19.8931917190552,1.91455267031931,12.5830546379089,0.484503224128331
"37",43,9271674,70122568,0.132220970572555,"assigned","ILE43",22.6567686080933,1.96010576408884,13.248459148407,0.654806317353864
"38",44,19138672,51532060,0.371393497562488,"assigned","VAL44",23.4068422317505,2.12073903588704,15.2899951934814,0.74652125827449
"39",45,27388826,50928640,0.537788285726852,"assigned","GLY45",25.2386262893677,2.34103120959913,18.0983451843262,0.814171881515755
"40",46,34587032,75431528,0.458522224287966,"assigned","ASP46",27.4229192733765,2.52168594851086,20.7297479629517,0.86778384894541
"41",47,23373392,55879820,0.418279658023236,"assigned","GLU47",30.5622871398926,2.63516697073284,23.775749206543,0.908274667760285
"42",48,22992242,50002672,0.459820267204921,"assigned","THR48",30.499215888977,2.74675223149404,23.4622648239136,0.918881821796465
"43",49,36929928,82977520,0.445059432964494,"assigned","GLY49",29.5103282928467,2.72240144161029,21.0293283462524,0.928042012837791
"44",50,19091540,74796216,0.255247404494366,"assigned","ARG50",27.2715314865112,2.57874080207649,17.4681646347046,0.917734666630922
"45",51,17094412,83327728,0.205146742990521,"assigned","VAL51",24.1627006530762,2.41072144636331,15.1300786972046,0.850621524304822
"46",52,2645933,17409850,0.151979080807704,"assigned","LYS52",21.7017431259155,2.20199147929041,12.3577063560486,0.758229214396674
"47",54,10504060,49824016,0.210823230307248,"assigned","THR54",16.2926776885986,1.86905319890363,13.7092804908752,0.415130271800302
"48",55,9914386,30846384,0.321411611811615,"assigned","LEU55",14.6685328483582,2.10356459432768,15.2446119308472,0.305855419083892
"49",57,10457504,24873060,0.420434960555718,"assigned","GLY57",11.0352913856506,3.41155319178801,19.3738122940063,0.294463123471231
"50",58,4098998,23769012,0.172451341267361,"assigned","LYS58",12.1532628536224,4.29930120643405,22.1210367202759,0.273833470296213
"51",59,34246060,127541776,0.268508570870144,"assigned","HIS59",13.5423667430878,3.91041089815607,21.4997606277466,0.26702846323816
"52",60,35435412,82299680,0.430565610947697,"assigned","ALA60",14.7244758605957,3.42467603872398,19.2020208358765,0.270774067376129
"53",61,12685846,32065844,0.3956186526698,"assigned","GLY61",17.8219024658203,3.14948126534773,17.9862054824829,0.289657366742776
"54",62,28452176,59488876,0.478277249682781,"assigned","SER62",18.5509333610535,3.54755462405069,20.4693302154541,0.306932033690386
"55",63,30966676,63825168,0.485179702151352,"assigned","ILE63",19.680885219574,3.40861066863613,21.0222721099854,0.37154573288097
"56",64,28162340,64913024,0.433847296961547,"assigned","LYS64",22.822562789917,3.23803832953526,21.9714738845825,0.472675211467396
"57",65,37835776,130311808,0.29034802433253,"assigned","GLU65",26.0231670379639,3.00823859603424,21.9580389022827,0.547221309810646
"58",66,21137932,40088768,0.52727816429779,"assigned","GLY66",28.0603984832764,2.69961561455765,21.5941595077515,0.660061062609048
"59",67,42230860,98574576,0.428415335004839,"assigned","GLN67",27.8934915542603,2.83975555379086,23.5812128067017,0.680018794043703
"60",68,33571584,69601744,0.48233825865053,"assigned","VAL68",27.9204605102539,2.98501263155281,26.0328147888184,0.68939728825695
"61",69,26208140,52462224,0.499562123023988,"assigned","VAL69",25.1663160324097,2.97828711769893,25.1416673660278,0.660820962238514
"62",70,28715656,57087044,0.503015290124323,"assigned","LYS70",22.492523765564,3.06208474441458,25.3850133895874,0.60377484190868
"63",72,29892934,68234624,0.438090404074037,"assigned","GLU72",17.5656636238098,3.03349503635904,24.4058197021484,0.49775484749936
"64",73,9437086,44095536,0.214014543331552,"assigned","ASN73",16.1002401351929,3.12016134985998,25.6724517822266,0.444669315845834
"65",74,15656525,26773822,0.584769892023634,"assigned","ALA74",14.0346047401428,3.0116237965753,23.2004753112793,0.397995048527488
"66",75,12467384,33245016,0.375015130087469,"assigned","TRP75",13.4430215835571,2.88894819683842,20.6472661972046,0.379418125817286
"67",76,11619559,51915840,0.223815294137589,"assigned","THR76",14.8273862838745,3.19012952151969,18.7245187759399,0.397601553109348
"68",77,7998654,10199855,0.784192912546306,"assigned","THR77",15.6848330497742,3.27015036613101,15.758279800415,0.36428245372141
"69",78,5148992,51998944,0.0990210878128602,"assigned","ALA78",17.6967294692993,3.74877695915498,14.4035152435303,0.338951216838582
"70",79,20659160,27439108,0.75290931469055,"assigned","PHE79",19.3635781288147,3.3696549448039,11.2759282112122,0.33633451359583
"71",80,NA,35123620,0,"assigned","LYS80",21.6705142974854,3.4046009028256,9.84250707626343,0.240896586894541
"72",81,NA,51456164,0,"assigned","GLY81",23.2376021385193,3.69362446206753,11.69624376297,0.376600730665693
"73",82,12383386,55173616,0.224443980615662,"assigned","GLN82",23.3683478355408,3.47793526731601,11.7794237136841,0.563635187384624
"74",83,12593804,53573632,0.235074672555335,"assigned","VAL83",22.0471885681152,3.32369607404322,13.3743020057678,0.638058951282842
"75",84,10255095,32926962,0.311449777844673,"assigned","GLN84",19.0814130783081,2.96421216272648,13.4761354446411,0.556852803083202
"76",85,6513516,10844253,0.600642201911003,"assigned","LEU85",17.386267375946,2.44690768662063,14.2394807815552,0.528075203772032
"77",86,18260826,41356232,0.441549558963689,"assigned","ASN86",14.6589916229248,2.24414942745239,16.2547254562378,0.405255722697188
"78",87,19633108,42707792,0.459707867828896,"assigned","ALA87",12.8711678504944,2.34097102477973,18.0274103164673,0.325288150049842
"79",88,6098422,16737639,0.364353777734124,"assigned","GLY88",10.7441838741302,2.91056760498258,20.9075565338135,0.287241461786079
"80",89,NA,6546539,0,"assigned","SER89",9.07584171295166,3.56810491193602,23.9242046356201,0.265454524306235
"81",91,24306050,46892208,0.518338782426283,"assigned","THR91",12.2656902313232,3.39895636792053,25.2952409744263,0.31938717583466
"82",92,24865240,65968392,0.376926574169035,"assigned","LYS92",15.0743234634399,3.45523699231612,26.0061754226685,0.365854094360097
"83",94,34779444,106216496,0.327439195508765,"assigned","ALA94",20.3262473106384,3.47030772930284,26.3867261886597,0.483352932037962
"84",95,14314077,134445216,0.106467730320728,"assigned","GLU95",23.7027730941772,3.50758716831915,28.0421262741089,0.536201310016929
"85",96,32564830,95232208,0.341951853095751,"assigned","ALA96",26.2008598327637,3.29664810674316,29.0564064025879,0.622331232829245
"86",97,57425556,163225232,0.351817885607294,"assigned","SER97",29.344194984436,3.27065688308482,31.8478435516357,0.67385654764195
"87",98,54099820,117916600,0.458797319461382,"assigned","GLU98",31.9264492034912,3.11806567169281,32.7418682098389,0.743013198550849
"88",99,70006664,169930816,0.411971563768634,"assigned","ASP99",34.6290811538696,3.00930942333302,34.1258224487305,0.803015557671376
"89",100,43850644,71539504,0.612957059361217,"assigned","GLY100",35.0075954437256,2.93876681681381,32.8337608337402,0.822263184205542
"90",101,58015648,116179336,0.499362881536868,"assigned","PHE101",33.0621112823486,2.82794737480977,29.7107837677002,0.829250637691463
"91",103,28272158,53730336,0.526186138125025,"assigned","GLU103",33.9889925003052,2.5341590306874,25.9437730789185,0.893916618465869
"92",104,36618144,98634200,0.371251999813452,"assigned","SER104",32.5101543426514,2.40062679477086,22.9178602218628,0.875943503725507
"93",105,54241648,112131664,0.483731767326667,"assigned","SER105",34.145587348938,2.29111617347069,22.4769592285156,0.906701200647533
"94",106,36693652,82111160,0.446877769112018,"assigned","GLN106",35.2187568664551,2.33783400127789,23.5799737930298,0.944184932335711
"95",107,36367488,68236384,0.53296329418628,"assigned","ILE107",33.425757598877,2.3753016335845,22.3720718383789,0.953706263203248
"96",109,35223940,89075320,0.395439949022917,"assigned","GLU109",31.4368976593018,2.47605849962368,18.1053094863892,0.992326087020928
"97",110,42062048,120254336,0.349775728668944,"assigned","ASN110",30.5189512252808,2.66502946877277,17.4757859230041,0.978928287819638
"98",111,13492567,75630040,0.178402219541336,"assigned","THR111",28.6243541717529,2.88247824996701,15.8261644363403,0.932760748964351
"99",113,39038800,85500144,0.456593383047402,"assigned","THR113",26.3895845413208,3.55594512219983,17.9529207229614,0.759951751745455
"100",114,22111452,112530000,0.196493841642229,"assigned","ALA114",25.8633541107178,3.97242666675556,19.4538736343384,0.655511709156454
"101",115,48623664,209704384,0.231867656138271,"assigned","ARG115",28.1639450073242,4.27210137942213,22.6325281143188,0.629854176717224
"102",116,14232272,139170064,0.102265326255796,"assigned","ARG116",29.9436191558838,4.51000825196756,23.3853759765625,0.57454487617334
"103",117,65092472,373714880,0.174176826997095,"assigned","ARG117",31.2692558288574,4.77568341556186,25.6209775924683,0.501104434642481
